-- MySQL dump 10.13  Distrib 8.0.31, for Win64 (x86_64)
--
-- Host: 127.0.0.1    Database: jardineria_staging
-- ------------------------------------------------------
-- Server version	8.0.31

/*!40101 SET @OLD_CHARACTER_SET_CLIENT=@@CHARACTER_SET_CLIENT */;
/*!40101 SET @OLD_CHARACTER_SET_RESULTS=@@CHARACTER_SET_RESULTS */;
/*!40101 SET @OLD_COLLATION_CONNECTION=@@COLLATION_CONNECTION */;
/*!50503 SET NAMES utf8mb4 */;
/*!40103 SET @OLD_TIME_ZONE=@@TIME_ZONE */;
/*!40103 SET TIME_ZONE='+00:00' */;
/*!40014 SET @OLD_UNIQUE_CHECKS=@@UNIQUE_CHECKS, UNIQUE_CHECKS=0 */;
/*!40014 SET @OLD_FOREIGN_KEY_CHECKS=@@FOREIGN_KEY_CHECKS, FOREIGN_KEY_CHECKS=0 */;
/*!40101 SET @OLD_SQL_MODE=@@SQL_MODE, SQL_MODE='NO_AUTO_VALUE_ON_ZERO' */;
/*!40111 SET @OLD_SQL_NOTES=@@SQL_NOTES, SQL_NOTES=0 */;

--
-- Table structure for table `stg_categoria_producto`
--

DROP TABLE IF EXISTS `stg_categoria_producto`;
/*!40101 SET @saved_cs_client     = @@character_set_client */;
/*!50503 SET character_set_client = utf8mb4 */;
CREATE TABLE `stg_categoria_producto` (
  `Id_Categoria` int DEFAULT NULL,
  `Desc_Categoria` varchar(50) DEFAULT NULL
) ENGINE=InnoDB DEFAULT CHARSET=utf8mb4 COLLATE=utf8mb4_0900_ai_ci;
/*!40101 SET character_set_client = @saved_cs_client */;

--
-- Dumping data for table `stg_categoria_producto`
--

LOCK TABLES `stg_categoria_producto` WRITE;
/*!40000 ALTER TABLE `stg_categoria_producto` DISABLE KEYS */;
INSERT INTO `stg_categoria_producto` VALUES (1,'Herbaceas'),(2,'Herramientas'),(3,'Aromáticas'),(4,'Frutales'),(5,'Ornamentales');
/*!40000 ALTER TABLE `stg_categoria_producto` ENABLE KEYS */;
UNLOCK TABLES;

--
-- Table structure for table `stg_cliente`
--

DROP TABLE IF EXISTS `stg_cliente`;
/*!40101 SET @saved_cs_client     = @@character_set_client */;
/*!50503 SET character_set_client = utf8mb4 */;
CREATE TABLE `stg_cliente` (
  `ID_cliente` int DEFAULT NULL,
  `nombre_cliente` varchar(50) DEFAULT NULL,
  `ciudad` varchar(50) DEFAULT NULL,
  `region` varchar(50) DEFAULT NULL,
  `pais` varchar(50) DEFAULT NULL
) ENGINE=InnoDB DEFAULT CHARSET=utf8mb4 COLLATE=utf8mb4_0900_ai_ci;
/*!40101 SET character_set_client = @saved_cs_client */;

--
-- Dumping data for table `stg_cliente`
--

LOCK TABLES `stg_cliente` WRITE;
/*!40000 ALTER TABLE `stg_cliente` DISABLE KEYS */;
INSERT INTO `stg_cliente` VALUES (1,'GoldFish Garden','San Francisco',NULL,'USA'),(2,'Gardening Associates','Miami','Miami','USA'),(3,'Gerudo Valley','New York',NULL,'USA'),(4,'Tendo Garden','Miami',NULL,'USA'),(5,'Lasas S.A.','Fuenlabrada','Madrid','Spain'),(6,'Beragua','Madrid','Madrid','Spain'),(7,'Club Golf Puerta del hierro','Madrid','Madrid','Spain'),(8,'Naturagua','Madrid','Madrid','Spain'),(9,'DaraDistribuciones','Madrid','Madrid','Spain'),(10,'Madrileña de riegos','Madrid','Madrid','Spain'),(11,'Lasas S.A.','Fuenlabrada','Madrid','Spain'),(12,'Camunas Jardines S.L.','San Lorenzo del Escorial','Madrid','Spain'),(13,'Dardena S.A.','Madrid','Madrid','Spain'),(14,'Jardin de Flores','Madrid','Madrid','Spain'),(15,'Flores Marivi','Fuenlabrada','Madrid','Spain'),(16,'Flowers, S.A','Montornes del valles','Barcelona','Spain'),(17,'Naturajardin','Madrid','Madrid','Spain'),(18,'Golf S.A.','Santa cruz de Tenerife','Islas Canarias','Spain'),(19,'Americh Golf Management SL','Barcelona','Cataluña','Spain'),(20,'Aloha','Canarias','Canarias','Spain'),(21,'El Prat','Barcelona','Cataluña','Spain'),(22,'Sotogrande','Sotogrande','Cadiz','Spain'),(23,'Vivero Humanes','Humanes','Madrid','Spain'),(24,'Fuenla City','Fuenlabrada','Madrid','Spain'),(25,'Jardines y Mansiones Cactus SL','Madrid','Madrid','Spain'),(26,'Jardinerías Matías SL','Madrid','Madrid','Spain'),(27,'Agrojardin','Getafe','Madrid','Spain'),(28,'Top Campo','Humanes','Madrid','Spain'),(29,'Jardineria Sara','Fuenlabrada','Madrid','Spain'),(30,'Campohermoso','Fuenlabrada','Madrid','Spain'),(31,'france telecom','Paris',NULL,'France'),(32,'Musée du Louvre','Paris',NULL,'France'),(33,'Tutifruti S.A','Sydney','Nueva Gales del Sur','Australia'),(34,'Flores S.L.','Madrid','Fuenlabrada','Spain'),(35,'The Magic Garden','London','London','United Kingdom'),(36,'El Jardin Viviente S.L','Sydney','Nueva Gales del Sur','Australia');
/*!40000 ALTER TABLE `stg_cliente` ENABLE KEYS */;
UNLOCK TABLES;

--
-- Table structure for table `stg_detalle_pedido`
--

DROP TABLE IF EXISTS `stg_detalle_pedido`;
/*!40101 SET @saved_cs_client     = @@character_set_client */;
/*!50503 SET character_set_client = utf8mb4 */;
CREATE TABLE `stg_detalle_pedido` (
  `ID_pedido` int DEFAULT NULL,
  `ID_producto` varchar(15) DEFAULT NULL,
  `cantidad` int DEFAULT NULL,
  `precio_unidad` decimal(15,2) DEFAULT NULL
) ENGINE=InnoDB DEFAULT CHARSET=utf8mb4 COLLATE=utf8mb4_0900_ai_ci;
/*!40101 SET character_set_client = @saved_cs_client */;

--
-- Dumping data for table `stg_detalle_pedido`
--

LOCK TABLES `stg_detalle_pedido` WRITE;
/*!40000 ALTER TABLE `stg_detalle_pedido` DISABLE KEYS */;
INSERT INTO `stg_detalle_pedido` VALUES (1,'363',10,70.00),(1,'427',40,4.00),(1,'441',25,4.00),(1,'541',15,19.00),(1,'552',23,14.00),(2,'333',3,29.00),(2,'334',7,8.00),(2,'440',50,4.00),(2,'441',20,5.00),(2,'459',12,6.00),(2,'527',67,64.00),(2,'547',5,462.00),(3,'342',120,9.00),(3,'422',32,5.00),(3,'423',11,5.00),(3,'513',30,266.00),(3,'517',15,65.00),(3,'518',24,25.00),(4,'324',12,8.00),(4,'327',42,8.00),(4,'334',42,9.00),(4,'452',3,6.00),(4,'455',4,6.00),(4,'456',17,9.00),(4,'457',38,10.00),(4,'522',21,59.00),(8,'299',3,11.00),(8,'301',1,32.00),(8,'302',10,100.00),(9,'281',80,1.00),(9,'288',450,1.00),(9,'299',80,8.00),(9,'365',15,91.00),(10,'380',5,70.00),(10,'390',30,75.00),(10,'534',5,64.00),(11,'286',180,1.00),(11,'547',80,8.00),(12,'289',290,1.00),(13,'277',5,14.00),(13,'278',12,14.00),(13,'302',5,100.00),(14,'293',8,11.00),(14,'304',13,57.00),(15,'382',4,13.00),(15,'401',2,6.00),(15,'456',6,10.00),(15,'503',9,10.00),(16,'280',12,12.00),(16,'329',10,9.00),(17,'277',5,14.00),(17,'279',5,12.00),(17,'330',5,9.00),(17,'360',5,22.00),(17,'436',5,18.00),(18,'279',4,12.00),(18,'314',2,4.00),(18,'459',10,6.00),(19,'280',9,12.00),(19,'315',6,8.00),(19,'372',1,32.00),(19,'382',5,13.00),(19,'508',20,4.00),(20,'277',14,14.00),(20,'280',8,12.00),(21,'278',5,14.00),(21,'309',22,4.00),(21,'348',3,8.00),(22,'540',1,6.00),(23,'282',110,1.00),(23,'300',50,22.00),(23,'383',4,70.00),(23,'549',30,5.00),(24,'279',3,15.00),(24,'291',4,7.00),(24,'315',2,7.00),(24,'541',10,20.00),(25,'374',15,69.00),(25,'388',4,30.00),(25,'393',10,30.00),(26,'306',9,25.00),(26,'488',4,25.00),(26,'518',14,25.00),(27,'401',22,6.00),(27,'402',22,6.00),(27,'486',40,6.00),(28,'302',8,99.00),(28,'513',3,266.00),(28,'547',1,462.00),(29,'380',4,70.00),(29,'388',4,28.00),(29,'393',20,31.00),(29,'429',2,111.00),(29,'460',10,9.00),(30,'284',10,1.00),(30,'301',2,32.00),(30,'303',2,19.00),(30,'369',4,31.00),(30,'387',10,45.00),(30,'420',5,5.00),(31,'289',25,2.00),(31,'295',1,20.00),(31,'333',6,29.00),(32,'277',1,14.00),(32,'278',4,15.00),(32,'279',1,15.00),(32,'428',29,100.00),(32,'493',5,20.00),(33,'308',423,2.00),(33,'321',120,8.00),(33,'514',212,10.00),(33,'547',150,462.00),(34,'322',56,7.00),(34,'366',12,29.00),(34,'472',20,18.00),(34,'474',24,18.00),(35,'278',12,14.00),(35,'341',55,8.00),(35,'465',3,10.00),(35,'481',36,10.00),(35,'525',72,10.00),(36,'280',4,12.00),(36,'291',2,7.00),(36,'447',6,7.00),(36,'503',1,12.00),(36,'552',15,13.00),(37,'298',4,70.00),(37,'352',203,8.00),(37,'476',38,10.00),(38,'277',5,14.00),(38,'278',2,14.00),(39,'279',3,12.00),(39,'280',6,12.00),(40,'281',4,1.00),(40,'282',8,1.00),(41,'283',5,1.00),(41,'284',5,1.00),(42,'285',3,1.00),(42,'286',1,1.00),(43,'287',9,1.00),(44,'288',5,1.00),(45,'289',6,1.00),(45,'290',4,1.00),(46,'291',4,7.00),(46,'292',8,7.00),(47,'293',9,11.00),(47,'294',5,13.00),(48,'295',1,18.00),(48,'296',1,25.00),(48,'534',50,64.00),(48,'536',45,49.00),(48,'537',50,19.00),(49,'504',50,10.00),(49,'505',10,10.00),(49,'506',5,5.00),(50,'525',12,10.00),(50,'526',15,38.00),(50,'527',44,64.00),(51,'509',50,10.00),(51,'510',80,39.00),(51,'511',70,59.00),(53,'311',1,7.00),(53,'383',1,70.00),(53,'384',2,11.00),(53,'416',6,7.00),(54,'277',3,14.00),(54,'293',45,10.00),(54,'309',5,4.00),(54,'376',3,22.00),(54,'416',8,7.00),(54,'423',3,5.00),(54,'468',2,10.00),(55,'415',9,7.00),(55,'513',2,266.00),(55,'527',6,64.00),(55,'543',2,64.00),(55,'547',1,462.00),(56,'429',1,115.00),(56,'430',10,18.00),(56,'479',1,6.00),(56,'496',3,10.00),(56,'507',4,4.00),(56,'550',3,10.00),(57,'365',6,91.00),(57,'379',3,49.00),(57,'382',2,13.00),(57,'393',6,9.00),(58,'402',65,18.00),(58,'439',80,4.00),(58,'472',69,15.00),(58,'477',150,15.00),(74,'363',15,70.00),(74,'527',34,64.00),(74,'547',42,8.00),(75,'286',60,1.00),(75,'385',24,22.00),(75,'457',46,10.00),(76,'289',250,1.00),(76,'376',40,22.00),(76,'385',24,22.00),(76,'393',35,9.00),(76,'496',25,10.00),(77,'279',34,12.00),(77,'280',15,12.00),(78,'348',25,8.00),(78,'383',56,70.00),(78,'457',42,10.00),(78,'508',30,4.00),(79,'540',50,6.00),(80,'302',40,100.00),(80,'329',47,9.00),(80,'436',75,18.00),(81,'508',30,4.00),(82,'527',34,64.00),(83,'508',30,4.00),(89,'301',3,32.00),(89,'322',15,7.00),(89,'336',12,8.00),(89,'362',5,49.00),(89,'385',4,22.00),(89,'457',8,10.00),(90,'281',19,1.00),(90,'282',10,1.00),(90,'283',12,1.00),(91,'293',52,11.00),(91,'294',14,13.00),(91,'295',35,18.00),(92,'301',12,23.00),(92,'302',20,100.00),(92,'303',30,21.00),(93,'349',25,9.00),(93,'353',51,11.00),(93,'356',3,32.00),(94,'277',12,14.00),(94,'302',33,100.00),(94,'333',79,29.00),(95,'292',9,7.00),(95,'372',6,32.00),(95,'380',5,70.00),(96,'337',6,8.00),(96,'355',16,7.00),(96,'368',10,22.00),(96,'389',4,70.00),(97,'335',12,8.00),(97,'349',14,9.00),(97,'456',10,10.00),(98,'326',14,8.00),(98,'351',16,8.00),(98,'356',8,32.00),(98,'377',18,6.00),(98,'383',6,70.00),(99,'457',15,10.00),(99,'527',30,64.00),(100,'385',20,22.00),(100,'393',40,9.00),(101,'286',50,1.00),(101,'289',159,1.00),(102,'279',32,12.00),(102,'280',23,12.00),(103,'348',12,8.00),(103,'508',52,4.00),(104,'383',9,70.00),(104,'457',113,10.00),(105,'527',21,64.00),(105,'540',27,6.00),(106,'289',231,1.00),(106,'436',47,18.00),(107,'280',143,12.00),(107,'302',15,100.00),(108,'348',53,8.00),(108,'508',59,4.00),(109,'314',8,4.00),(109,'329',12,9.00),(109,'339',14,8.00),(109,'404',20,10.00),(109,'419',10,5.00),(109,'425',3,5.00),(109,'430',2,18.00),(110,'290',6,1.00),(110,'291',14,7.00),(110,'307',1,45.00),(115,'278',5,14.00),(115,'281',32,1.00),(115,'285',18,1.00),(115,'326',13,8.00),(115,'500',10,4.00),(114,'375',2,15.00),(114,'378',1,32.00),(114,'446',17,4.00),(114,'479',4,6.00),(113,'284',15,1.00),(113,'450',18,2.00),(52,'363',10,70.00),(59,'363',10,70.00),(60,'363',10,70.00),(61,'363',10,70.00),(62,'363',10,70.00),(63,'363',10,70.00),(64,'363',10,70.00),(65,'363',10,70.00),(66,'363',10,70.00),(67,'363',10,70.00),(68,'363',10,70.00),(111,'363',10,70.00),(112,'363',10,70.00),(113,'363',10,70.00),(114,'363',10,70.00),(115,'363',10,70.00),(115,'363',10,70.00),(110,'363',10,70.00),(110,'363',10,70.00),(110,'363',10,70.00),(110,'363',10,70.00),(109,'363',10,70.00),(109,'363',10,70.00),(115,'363',10,70.00),(109,'363',10,70.00),(109,'363',10,70.00);
/*!40000 ALTER TABLE `stg_detalle_pedido` ENABLE KEYS */;
UNLOCK TABLES;

--
-- Table structure for table `stg_pedido`
--

DROP TABLE IF EXISTS `stg_pedido`;
/*!40101 SET @saved_cs_client     = @@character_set_client */;
/*!50503 SET character_set_client = utf8mb4 */;
CREATE TABLE `stg_pedido` (
  `ID_pedido` int DEFAULT NULL,
  `fecha_pedido` date DEFAULT NULL,
  `ID_cliente` int DEFAULT NULL
) ENGINE=InnoDB DEFAULT CHARSET=utf8mb4 COLLATE=utf8mb4_0900_ai_ci;
/*!40101 SET character_set_client = @saved_cs_client */;

--
-- Dumping data for table `stg_pedido`
--

LOCK TABLES `stg_pedido` WRITE;
/*!40000 ALTER TABLE `stg_pedido` DISABLE KEYS */;
INSERT INTO `stg_pedido` VALUES (1,'2006-01-17',5),(2,'2007-10-23',5),(3,'2008-06-20',5),(4,'2009-01-20',5),(5,'2008-11-09',1),(6,'2008-12-22',1),(7,'2009-01-15',3),(8,'2009-01-20',1),(9,'2009-01-22',1),(10,'2009-01-12',7),(11,'2009-01-02',7),(12,'2009-01-09',7),(13,'2009-01-06',7),(14,'2009-01-08',7),(15,'2009-01-05',9),(16,'2009-01-18',9),(17,'2009-01-20',9),(18,'2009-01-09',9),(19,'2009-01-11',9),(20,'2008-12-30',5),(21,'2008-07-14',14),(22,'2009-02-02',1),(23,'2009-02-06',3),(24,'2009-02-07',3),(25,'2009-02-10',3),(26,'2008-08-01',14),(27,'2008-08-03',13),(28,'2008-09-04',13),(29,'2007-01-07',4),(30,'2007-05-20',4),(31,'2007-06-20',4),(32,'2008-03-10',4),(33,'2008-10-15',14),(34,'2008-11-03',4),(35,'2009-03-05',19),(36,'2009-03-06',19),(37,'2009-03-09',19),(38,'2009-03-12',19),(39,'2009-03-22',19),(40,'2009-03-25',23),(41,'2009-03-26',23),(42,'2009-04-01',23),(43,'2009-04-03',23),(44,'2009-04-15',23),(45,'2008-03-17',26),(46,'2008-07-12',26),(47,'2008-03-17',26),(48,'2008-10-01',26),(49,'2008-12-07',26),(50,'2008-10-15',13),(51,'2009-01-11',14),(52,'2008-12-10',14),(53,'2008-12-19',13),(54,'2009-01-05',13),(55,'2009-01-24',3),(56,'2008-11-09',1),(57,'2008-12-22',1),(58,'2009-01-15',3),(59,'2009-01-20',1),(60,'2009-01-22',1),(61,'2009-01-24',1),(62,'2009-02-02',1),(63,'2009-02-06',3),(64,'2009-02-07',3),(65,'2009-02-10',3),(66,'2009-01-14',15),(67,'2009-01-11',15),(68,'2008-11-15',15),(69,'2009-01-03',15),(70,'2008-12-15',15),(71,'2009-01-12',28),(72,'2009-01-25',28),(73,'2009-01-18',28),(74,'2009-01-20',28),(75,'2009-01-24',28),(76,'2007-10-05',35),(77,'2009-02-07',27),(78,'2009-03-18',27),(79,'2009-04-19',27),(80,'2009-05-03',27),(81,'2009-10-18',27),(82,'2008-01-04',35),(83,'2008-03-20',35),(84,'2008-10-08',35),(85,'2009-01-08',35),(86,'2009-02-15',16),(87,'2009-01-10',16),(88,'2009-03-07',16),(89,'2008-12-28',16),(90,'2009-01-15',30),(91,'2009-03-02',30),(92,'2009-02-14',30),(93,'2009-05-13',30),(94,'2009-04-06',30),(95,'2009-04-09',16),(96,'2006-05-25',36),(97,'2007-03-19',36),(98,'2008-03-05',36),(99,'2009-03-05',36),(100,'2008-10-28',36),(101,'2009-01-15',36),(102,'2008-11-29',36),(103,'2008-06-28',35),(104,'2008-08-25',32),(105,'2009-02-15',16),(106,'2009-01-10',16),(107,'2009-03-07',16),(108,'2008-12-28',16),(109,'2009-04-09',16),(110,'2009-01-15',30),(111,'2009-03-02',30),(112,'2009-02-14',30),(113,'2009-05-13',30),(114,'2009-04-06',30),(115,'2008-11-10',36);
/*!40000 ALTER TABLE `stg_pedido` ENABLE KEYS */;
UNLOCK TABLES;

--
-- Table structure for table `stg_producto`
--

DROP TABLE IF EXISTS `stg_producto`;
/*!40101 SET @saved_cs_client     = @@character_set_client */;
/*!50503 SET character_set_client = utf8mb4 */;
CREATE TABLE `stg_producto` (
  `ID_producto` varchar(15) DEFAULT NULL,
  `nombre` varchar(70) DEFAULT NULL,
  `Categoria` int DEFAULT NULL,
  `proveedor` varchar(50) DEFAULT NULL,
  `precio_venta` decimal(15,2) DEFAULT NULL
) ENGINE=InnoDB DEFAULT CHARSET=utf8mb4 COLLATE=utf8mb4_0900_ai_ci;
/*!40101 SET character_set_client = @saved_cs_client */;

--
-- Dumping data for table `stg_producto`
--

LOCK TABLES `stg_producto` WRITE;
/*!40000 ALTER TABLE `stg_producto` DISABLE KEYS */;
INSERT INTO `stg_producto` VALUES ('277','Sierra de Poda 400MM',2,'HiperGarden Tools',14.00),('278','Pala',2,'HiperGarden Tools',14.00),('279','Rastrillo de Jardín',2,'HiperGarden Tools',12.00),('280','Azadón',2,'HiperGarden Tools',12.00),('281','Ajedrea',3,'Murcia Seasons',1.00),('282','Lavándula Dentata',3,'Murcia Seasons',1.00),('283','Mejorana',3,'Murcia Seasons',1.00),('284','Melissa ',3,'Murcia Seasons',1.00),('285','Mentha Sativa',3,'Murcia Seasons',1.00),('286','Petrosilium Hortense (Peregil)',3,'Murcia Seasons',1.00),('287','Salvia Mix',3,'Murcia Seasons',1.00),('288','Thymus Citriodra (Tomillo limón)',3,'Murcia Seasons',1.00),('289','Thymus Vulgaris',3,'Murcia Seasons',1.00),('290','Santolina Chamaecyparys',3,'Murcia Seasons',1.00),('291','Expositor Cítricos Mix',4,'Frutales Talavera S.A',7.00),('292','Limonero 2 años injerto',4,'NaranjasValencianas.com',7.00),('293','Nectarina',4,'Frutales Talavera S.A',11.00),('294','Nogal',4,'Frutales Talavera S.A',13.00),('295','Olea-Olivos',4,'Frutales Talavera S.A',18.00),('296','Olea-Olivos',4,'Frutales Talavera S.A',25.00),('297','Olea-Olivos',4,'Frutales Talavera S.A',49.00),('298','Olea-Olivos',4,'Frutales Talavera S.A',70.00),('299','Peral',4,'Frutales Talavera S.A',11.00),('300','Peral',4,'Frutales Talavera S.A',22.00),('301','Peral',4,'Frutales Talavera S.A',32.00),('302','Limonero 30/40',4,'NaranjasValencianas.com',100.00),('303','Kunquat ',4,'NaranjasValencianas.com',21.00),('304','Kunquat  EXTRA con FRUTA',4,'NaranjasValencianas.com',57.00),('305','Calamondin Mini',4,'Frutales Talavera S.A',10.00),('306','Calamondin Copa ',4,'Frutales Talavera S.A',25.00),('307','Calamondin Copa EXTRA Con FRUTA',4,'Frutales Talavera S.A',45.00),('308','Rosal bajo 1ª -En maceta-inicio brotación',4,'Frutales Talavera S.A',2.00),('309','ROSAL TREPADOR',4,'Frutales Talavera S.A',4.00),('310','Camelia Blanco, Chrysler Rojo, Soraya Naranja, ',4,'NaranjasValencianas.com',4.00),('311','Naranjo -Plantón joven 1 año injerto',4,'NaranjasValencianas.com',6.00),('312','Landora Amarillo, Rose Gaujard bicolor blanco-rojo',4,'Frutales Talavera S.A',4.00),('313','Kordes Perfect bicolor rojo-amarillo, Roundelay rojo fuerte',4,'Frutales Talavera S.A',4.00),('314','Pitimini rojo',4,'Frutales Talavera S.A',4.00),('315','Rosal copa ',4,'Frutales Talavera S.A',8.00),('316','Albaricoquero Corbato',4,'Melocotones de Cieza S.A.',8.00),('317','Albaricoquero Moniqui',4,'Melocotones de Cieza S.A.',8.00),('318','Albaricoquero Kurrot',4,'Melocotones de Cieza S.A.',8.00),('319','Cerezo Burlat',4,'Jerte Distribuciones S.L.',8.00),('320','Cerezo Picota',4,'Jerte Distribuciones S.L.',8.00),('321','Cerezo Napoleón',4,'Jerte Distribuciones S.L.',8.00),('322','Naranjo 2 años injerto',4,'NaranjasValencianas.com',7.00),('323','Ciruelo R. Claudia Verde',4,'Frutales Talavera S.A',8.00),('324','Ciruelo Santa Rosa',4,'Frutales Talavera S.A',8.00),('325','Ciruelo Golden Japan',4,'Frutales Talavera S.A',8.00),('326','Ciruelo Friar',4,'Frutales Talavera S.A',8.00),('327','Ciruelo Reina C. De Ollins',4,'Frutales Talavera S.A',8.00),('328','Ciruelo Claudia Negra',4,'Frutales Talavera S.A',8.00),('329','Granado Mollar de Elche',4,'Frutales Talavera S.A',9.00),('330','Higuera Napolitana',4,'Frutales Talavera S.A',9.00),('331','Higuera Verdal',4,'Frutales Talavera S.A',9.00),('332','Higuera Breva',4,'Frutales Talavera S.A',9.00),('333','Naranjo calibre 8/10',4,'NaranjasValencianas.com',29.00),('334','Manzano Starking Delicious',4,'Frutales Talavera S.A',8.00),('335','Manzano Reineta',4,'Frutales Talavera S.A',8.00),('336','Manzano Golden Delicious',4,'Frutales Talavera S.A',8.00),('337','Membrillero Gigante de Wranja',4,'Frutales Talavera S.A',8.00),('338','Melocotonero Spring Crest',4,'Melocotones de Cieza S.A.',8.00),('339','Melocotonero Amarillo de Agosto',4,'Melocotones de Cieza S.A.',8.00),('340','Melocotonero Federica',4,'Melocotones de Cieza S.A.',8.00),('341','Melocotonero Paraguayo',4,'Melocotones de Cieza S.A.',8.00),('342','Nogal Común',4,'Frutales Talavera S.A',9.00),('343','Parra Uva de Mesa',4,'Frutales Talavera S.A',8.00),('344','Mandarino -Plantón joven',4,'Frutales Talavera S.A',6.00),('345','Peral Castell',4,'Frutales Talavera S.A',8.00),('346','Peral Williams',4,'Frutales Talavera S.A',8.00),('347','Peral Conference',4,'Frutales Talavera S.A',8.00),('348','Peral Blanq. de Aranjuez',4,'Frutales Talavera S.A',8.00),('349','Níspero Tanaca',4,'Frutales Talavera S.A',9.00),('350','Olivo Cipresino',4,'Frutales Talavera S.A',8.00),('351','Nectarina',4,'Frutales Talavera S.A',8.00),('352','Kaki Rojo Brillante',4,'NaranjasValencianas.com',9.00),('353','Albaricoquero',4,'Melocotones de Cieza S.A.',11.00),('354','Albaricoquero',4,'Melocotones de Cieza S.A.',22.00),('355','Mandarino 2 años injerto',4,'Frutales Talavera S.A',7.00),('356','Albaricoquero',4,'Melocotones de Cieza S.A.',32.00),('357','Albaricoquero',4,'Melocotones de Cieza S.A.',49.00),('358','Albaricoquero',4,'Melocotones de Cieza S.A.',70.00),('359','Cerezo',4,'Jerte Distribuciones S.L.',11.00),('360','Cerezo',4,'Jerte Distribuciones S.L.',22.00),('361','Cerezo',4,'Jerte Distribuciones S.L.',32.00),('362','Cerezo',4,'Jerte Distribuciones S.L.',49.00),('363','Cerezo',4,'Jerte Distribuciones S.L.',70.00),('364','Cerezo',4,'Jerte Distribuciones S.L.',80.00),('365','Cerezo',4,'Jerte Distribuciones S.L.',91.00),('366','Mandarino calibre 8/10',4,'Frutales Talavera S.A',29.00),('367','Ciruelo',4,'Frutales Talavera S.A',11.00),('368','Ciruelo',4,'Frutales Talavera S.A',22.00),('369','Ciruelo',4,'Frutales Talavera S.A',32.00),('370','Granado',4,'Frutales Talavera S.A',13.00),('371','Granado',4,'Frutales Talavera S.A',22.00),('372','Granado',4,'Frutales Talavera S.A',32.00),('373','Granado',4,'Frutales Talavera S.A',49.00),('374','Granado',4,'Frutales Talavera S.A',70.00),('375','Higuera',4,'Frutales Talavera S.A',15.00),('376','Higuera',4,'Frutales Talavera S.A',22.00),('377','Limonero -Plantón joven',4,'NaranjasValencianas.com',6.00),('378','Higuera',4,'Frutales Talavera S.A',32.00),('379','Higuera',4,'Frutales Talavera S.A',49.00),('380','Higuera',4,'Frutales Talavera S.A',70.00),('381','Higuera',4,'Frutales Talavera S.A',80.00),('382','Kaki',4,'NaranjasValencianas.com',13.00),('383','Kaki',4,'NaranjasValencianas.com',70.00),('384','Manzano',4,'Frutales Talavera S.A',11.00),('385','Manzano',4,'Frutales Talavera S.A',22.00),('386','Manzano',4,'Frutales Talavera S.A',32.00),('387','Manzano',4,'Frutales Talavera S.A',49.00),('388','Limonero calibre 8/10',4,'NaranjasValencianas.com',29.00),('389','Níspero',4,'Frutales Talavera S.A',70.00),('390','Níspero',4,'Frutales Talavera S.A',80.00),('391','Melocotonero',4,'Melocotones de Cieza S.A.',11.00),('392','Melocotonero',4,'Melocotones de Cieza S.A.',22.00),('393','Melocotonero',4,'Melocotones de Cieza S.A.',32.00),('394','Melocotonero',4,'Melocotones de Cieza S.A.',49.00),('395','Membrillero',4,'Frutales Talavera S.A',11.00),('396','Membrillero',4,'Frutales Talavera S.A',22.00),('397','Membrillero',4,'Frutales Talavera S.A',32.00),('398','Membrillero',4,'Frutales Talavera S.A',49.00),('399','Arbustos Mix Maceta',5,'Valencia Garden Service',5.00),('400','Mimosa Injerto CLASICA Dealbata ',5,'Viveros EL OASIS',12.00),('401','Expositor Mimosa Semilla Mix',5,'Viveros EL OASIS',6.00),('402','Mimosa Semilla Bayleyana ',5,'Viveros EL OASIS',6.00),('403','Mimosa Semilla Bayleyana  ',5,'Viveros EL OASIS',10.00),('404','Mimosa Semilla Cyanophylla   ',5,'Viveros EL OASIS',10.00),('405','Mimosa Semilla Espectabilis ',5,'Viveros EL OASIS',6.00),('406','Mimosa Semilla Longifolia  ',5,'Viveros EL OASIS',10.00),('407','Mimosa Semilla Floribunda 4 estaciones',5,'Viveros EL OASIS',6.00),('408','Abelia Floribunda',5,'Viveros EL OASIS',5.00),('409','Callistemom (Mix)',5,'Viveros EL OASIS',5.00),('410','Callistemom (Mix)',5,'Viveros EL OASIS',2.00),('411','Corylus Avellana \"Contorta\"',5,'Viveros EL OASIS',5.00),('412','Escallonia (Mix)',5,'Viveros EL OASIS',5.00),('413','Evonimus Emerald Gayeti',5,'Viveros EL OASIS',5.00),('414','Evonimus Pulchellus',5,'Viveros EL OASIS',5.00),('415','Forsytia Intermedia \"Lynwood\"',5,'Viveros EL OASIS',7.00),('416','Hibiscus Syriacus  \"Diana\" -Blanco Puro',5,'Viveros EL OASIS',7.00),('417','Hibiscus Syriacus  \"Helene\" -Blanco-C.rojo',5,'Viveros EL OASIS',7.00),('418','Hibiscus Syriacus \"Pink Giant\" Rosa',5,'Viveros EL OASIS',7.00),('419','Laurus Nobilis Arbusto - Ramificado Bajo',5,'Viveros EL OASIS',5.00),('420','Lonicera Nitida ',5,'Viveros EL OASIS',5.00),('421','Lonicera Nitida \"Maigrum\"',5,'Viveros EL OASIS',5.00),('422','Lonicera Pileata',5,'Viveros EL OASIS',5.00),('423','Philadelphus \"Virginal\"',5,'Viveros EL OASIS',5.00),('424','Prunus pisardii  ',5,'Viveros EL OASIS',5.00),('425','Viburnum Tinus \"Eve Price\"',5,'Viveros EL OASIS',5.00),('426','Weigelia \"Bristol Ruby\"',5,'Viveros EL OASIS',5.00),('427','Camelia japonica',5,'Viveros EL OASIS',7.00),('428','Camelia japonica ejemplar',5,'Viveros EL OASIS',98.00),('429','Camelia japonica ejemplar',5,'Viveros EL OASIS',110.00),('430','Callistemom COPA',5,'Viveros EL OASIS',18.00),('431','Leptospermum formado PIRAMIDE',5,'Viveros EL OASIS',18.00),('432','Leptospermum COPA',5,'Viveros EL OASIS',18.00),('433','Nerium oleander-CALIDAD \"GARDEN\"',5,'Viveros EL OASIS',2.00),('434','Nerium Oleander Arbusto GRANDE',5,'Viveros EL OASIS',38.00),('435','Nerium oleander COPA  Calibre 6/8',5,'Viveros EL OASIS',5.00),('436','Nerium oleander ARBOL Calibre 8/10',5,'Viveros EL OASIS',18.00),('437','ROSAL TREPADOR',5,'Viveros EL OASIS',4.00),('438','Camelia Blanco, Chrysler Rojo, Soraya Naranja, ',5,'Viveros EL OASIS',4.00),('439','Landora Amarillo, Rose Gaujard bicolor blanco-rojo',5,'Viveros EL OASIS',4.00),('440','Kordes Perfect bicolor rojo-amarillo, Roundelay rojo fuerte',5,'Viveros EL OASIS',4.00),('441','Pitimini rojo',5,'Viveros EL OASIS',4.00),('442','Solanum Jazminoide',5,'Viveros EL OASIS',2.00),('443','Wisteria Sinensis  azul, rosa, blanca',5,'Viveros EL OASIS',9.00),('444','Wisteria Sinensis INJERTADAS DECÓ',5,'Viveros EL OASIS',12.00),('445','Bougamvillea Sanderiana Tutor',5,'Viveros EL OASIS',2.00),('446','Bougamvillea Sanderiana Tutor',5,'Viveros EL OASIS',4.00),('447','Bougamvillea Sanderiana Tutor',5,'Viveros EL OASIS',7.00),('448','Bougamvillea Sanderiana Espaldera',5,'Viveros EL OASIS',7.00),('449','Bougamvillea Sanderiana Espaldera',5,'Viveros EL OASIS',17.00),('450','Bougamvillea roja, naranja',5,'Viveros EL OASIS',2.00),('451','Bougamvillea Sanderiana, 3 tut. piramide',5,'Viveros EL OASIS',6.00),('452','Expositor Árboles clima continental',5,'Viveros EL OASIS',6.00),('453','Expositor Árboles clima mediterráneo',5,'Viveros EL OASIS',6.00),('454','Expositor Árboles borde del mar',5,'Viveros EL OASIS',6.00),('455','Acer Negundo  ',5,'Viveros EL OASIS',6.00),('456','Acer platanoides  ',5,'Viveros EL OASIS',10.00),('457','Acer Pseudoplatanus ',5,'Viveros EL OASIS',10.00),('458','Brachychiton Acerifolius  ',5,'Viveros EL OASIS',6.00),('459','Brachychiton Discolor  ',5,'Viveros EL OASIS',6.00),('460','Brachychiton Rupestris',5,'Viveros EL OASIS',10.00),('461','Cassia Corimbosa  ',5,'Viveros EL OASIS',6.00),('462','Cassia Corimbosa ',5,'Viveros EL OASIS',10.00),('463','Chitalpa Summer Bells   ',5,'Viveros EL OASIS',10.00),('464','Erytrina Kafra',5,'Viveros EL OASIS',6.00),('465','Erytrina Kafra',5,'Viveros EL OASIS',10.00),('466','Eucalyptus Citriodora  ',5,'Viveros EL OASIS',6.00),('467','Eucalyptus Ficifolia  ',5,'Viveros EL OASIS',6.00),('468','Eucalyptus Ficifolia   ',5,'Viveros EL OASIS',10.00),('469','Hibiscus Syriacus  Var. Injertadas 1 Tallo ',5,'Viveros EL OASIS',12.00),('470','Lagunaria Patersonii  ',5,'Viveros EL OASIS',6.00),('471','Lagunaria Patersonii   ',5,'Viveros EL OASIS',10.00),('472','Lagunaria patersonii  calibre 8/10',5,'Viveros EL OASIS',18.00),('473','Morus Alba  ',5,'Viveros EL OASIS',6.00),('474','Morus Alba  calibre 8/10',5,'Viveros EL OASIS',18.00),('475','Platanus Acerifolia   ',5,'Viveros EL OASIS',10.00),('476','Prunus pisardii  ',5,'Viveros EL OASIS',10.00),('477','Robinia Pseudoacacia Casque Rouge   ',5,'Viveros EL OASIS',15.00),('478','Salix Babylonica  Pendula  ',5,'Viveros EL OASIS',6.00),('479','Sesbania Punicea   ',5,'Viveros EL OASIS',6.00),('480','Tamarix  Ramosissima Pink Cascade   ',5,'Viveros EL OASIS',6.00),('481','Tamarix  Ramosissima Pink Cascade   ',5,'Viveros EL OASIS',10.00),('482','Tecoma Stands   ',5,'Viveros EL OASIS',6.00),('483','Tecoma Stands  ',5,'Viveros EL OASIS',10.00),('484','Tipuana Tipu  ',5,'Viveros EL OASIS',6.00),('485','Pleioblastus distichus-Bambú enano',5,'Viveros EL OASIS',6.00),('486','Sasa palmata ',5,'Viveros EL OASIS',6.00),('487','Sasa palmata ',5,'Viveros EL OASIS',10.00),('488','Sasa palmata ',5,'Viveros EL OASIS',25.00),('489','Phylostachys aurea',5,'Viveros EL OASIS',22.00),('490','Phylostachys aurea',5,'Viveros EL OASIS',32.00),('491','Phylostachys Bambusa Spectabilis',5,'Viveros EL OASIS',24.00),('492','Phylostachys biseti',5,'Viveros EL OASIS',22.00),('493','Phylostachys biseti',5,'Viveros EL OASIS',20.00),('494','Pseudosasa japonica (Metake)',5,'Viveros EL OASIS',20.00),('495','Pseudosasa japonica (Metake) ',5,'Viveros EL OASIS',6.00),('496','Cedrus Deodara ',5,'Viveros EL OASIS',10.00),('497','Cedrus Deodara \"Feeling Blue\" Novedad',5,'Viveros EL OASIS',12.00),('498','Juniperus chinensis \"Blue Alps\"',5,'Viveros EL OASIS',4.00),('499','Juniperus Chinensis Stricta',5,'Viveros EL OASIS',4.00),('500','Juniperus horizontalis Wiltonii',5,'Viveros EL OASIS',4.00),('501','Juniperus squamata \"Blue Star\"',5,'Viveros EL OASIS',4.00),('502','Juniperus x media Phitzeriana verde',5,'Viveros EL OASIS',4.00),('503','Pinus Canariensis',5,'Viveros EL OASIS',10.00),('504','Pinus Halepensis',5,'Viveros EL OASIS',10.00),('505','Pinus Pinea -Pino Piñonero',5,'Viveros EL OASIS',10.00),('506','Thuja Esmeralda ',5,'Viveros EL OASIS',5.00),('507','Tuja Occidentalis Woodwardii',5,'Viveros EL OASIS',4.00),('508','Tuja orientalis \"Aurea nana\"',5,'Viveros EL OASIS',4.00),('509','Archontophoenix Cunninghamiana',5,'Viveros EL OASIS',10.00),('510','Beucarnea Recurvata',5,'Viveros EL OASIS',39.00),('511','Beucarnea Recurvata',5,'Viveros EL OASIS',59.00),('512','Bismarckia Nobilis',5,'Viveros EL OASIS',217.00),('513','Bismarckia Nobilis',5,'Viveros EL OASIS',266.00),('514','Brahea Armata',5,'Viveros EL OASIS',10.00),('515','Brahea Armata',5,'Viveros EL OASIS',112.00),('516','Brahea Edulis',5,'Viveros EL OASIS',19.00),('517','Brahea Edulis',5,'Viveros EL OASIS',64.00),('518','Butia Capitata',5,'Viveros EL OASIS',25.00),('519','Butia Capitata',5,'Viveros EL OASIS',29.00),('520','Butia Capitata',5,'Viveros EL OASIS',36.00),('521','Butia Capitata',5,'Viveros EL OASIS',59.00),('522','Butia Capitata',5,'Viveros EL OASIS',87.00),('523','Chamaerops Humilis',5,'Viveros EL OASIS',4.00),('524','Chamaerops Humilis',5,'Viveros EL OASIS',7.00),('525','Chamaerops Humilis',5,'Viveros EL OASIS',10.00),('526','Chamaerops Humilis',5,'Viveros EL OASIS',38.00),('527','Chamaerops Humilis',5,'Viveros EL OASIS',64.00),('528','Chamaerops Humilis \"Cerifera\"',5,'Viveros EL OASIS',32.00),('529','Chrysalidocarpus Lutescens -ARECA',5,'Viveros EL OASIS',22.00),('530','Cordyline Australis -DRACAENA',5,'Viveros EL OASIS',38.00),('531','Cycas Revoluta',5,'Viveros EL OASIS',15.00),('532','Cycas Revoluta',5,'Viveros EL OASIS',34.00),('533','Dracaena Drago',5,'Viveros EL OASIS',13.00),('534','Dracaena Drago',5,'Viveros EL OASIS',64.00),('535','Dracaena Drago',5,'Viveros EL OASIS',92.00),('536','Jubaea Chilensis',5,'Viveros EL OASIS',49.00),('537','Livistonia Australis',5,'Viveros EL OASIS',19.00),('538','Livistonia Decipiens',5,'Viveros EL OASIS',19.00),('539','Livistonia Decipiens',5,'Viveros EL OASIS',49.00),('540','Phoenix Canariensis',5,'Viveros EL OASIS',6.00),('541','Phoenix Canariensis',5,'Viveros EL OASIS',19.00),('542','Rhaphis Excelsa',5,'Viveros EL OASIS',21.00),('543','Rhaphis Humilis',5,'Viveros EL OASIS',64.00),('544','Sabal Minor',5,'Viveros EL OASIS',11.00),('545','Sabal Minor',5,'Viveros EL OASIS',34.00),('546','Trachycarpus Fortunei',5,'Viveros EL OASIS',18.00),('547','Trachycarpus Fortunei',5,'Viveros EL OASIS',462.00),('548','Washingtonia Robusta',5,'Viveros EL OASIS',3.00),('549','Washingtonia Robusta',5,'Viveros EL OASIS',5.00),('550','Yucca Jewel',5,'Viveros EL OASIS',10.00),('551','Zamia Furfuracaea',5,'Viveros EL OASIS',168.00),('552','Mimosa DEALBATA Gaulois Astier ',5,'Viveros EL OASIS',14.00);
/*!40000 ALTER TABLE `stg_producto` ENABLE KEYS */;
UNLOCK TABLES;
/*!40103 SET TIME_ZONE=@OLD_TIME_ZONE */;

/*!40101 SET SQL_MODE=@OLD_SQL_MODE */;
/*!40014 SET FOREIGN_KEY_CHECKS=@OLD_FOREIGN_KEY_CHECKS */;
/*!40014 SET UNIQUE_CHECKS=@OLD_UNIQUE_CHECKS */;
/*!40101 SET CHARACTER_SET_CLIENT=@OLD_CHARACTER_SET_CLIENT */;
/*!40101 SET CHARACTER_SET_RESULTS=@OLD_CHARACTER_SET_RESULTS */;
/*!40101 SET COLLATION_CONNECTION=@OLD_COLLATION_CONNECTION */;
/*!40111 SET SQL_NOTES=@OLD_SQL_NOTES */;

-- Dump completed on 2026-03-29 18:37:30
